nome_ou_razao_social,dia_vencimento,cnpj,email,cep,endereco,numero,bairro,cidade,estado,endereco,país,identificador
COLÉGIO NOTRE DAME,20,60993193001122,aguesse@notredamecampinas.com.br,13.092-621	,R EGBERTO FERREIRA DE ARRUDA CAMARGO ,151,PQ. DA HÍPICA,CAMPINAS,SP,R EGBERTO FERREIRA DE ARRUDA CAMARGO ,Brasil,10
STELLA MARIS,20,60533940000844,tesouraria@colstellamaris.com.br,11.045-003,AV CONSELHEIRO NEBIAS,771,BOQUEIRÃO,SANTOS,SP,AV CONSELHEIRO NEBIAS,Brasil,61
ANGLO ITU,10,50366285000157,fabio@angloitu.com.br,13.300-063,PC DA INDEPENDENCIA,151,CENTRO,ITU,SP,PC DA INDEPENDENCIA,Brasil,66
COLÉGIO PASSIONISTA - SÃO PAULO DA CRUZ,10,76731033000335,economado.saopaulodacruz@passionista.com.br,02.304-001	,AV TUCURUVI,470,TUCURUVI,SÃO PAULO,SP,AV TUCURUVI,Brasil,106
SANTA MARINA,10,43860402000179,daniel@santamarina.edu.br,03.422-001,AV GUILHERME GIORGI,430,VILA CARRAO,SÃO PAULO,SP,AV GUILHERME GIORGI,Brasil,83
COLÉGIO´S MARQUÊS DE MONTE ALEGRE,10,54199070000140,milena@colegiomarques.com.br,04.375-050	,R CORIOLANO DURAND,485,VILA SANTA CATARINA ,SÃO PAULO,SP,R CORIOLANO DURAND,Brasil,85
COLÉGIO PASSIONISTA - SÃO GABRIEL,10,60919909000412,ir.arlete.balarini@passionista.com.br,11.310-260,R DJALMA DUTRA ,100,CENTRO,SÃO VICENTE,SP,R DJALMA DUTRA ,Brasil,104
COLÉGIO PASSIONISTA - SANTA GEMA,10,60919909000331,rbezerra.santagema@passionista.com.br,02.370-020        ,R ANTONIO PESTANA ,115,TREMEMBÉ,SÃO PAULO,SP,R ANTONIO PESTANA ,Brasil,107
COLÉGIO PASSIONISTA - SANTA MARIA,10,60919909001737,ir.aline.silva@passionista.com.br,11.725-310        ,R DOUTOR LOBO VIANA ,514,TUDE BASTOS ,PRAIA GRANDE ,SP,R DOUTOR LOBO VIANA ,Brasil,108
NOVO ESPAÇO,10,01502480000151,cnesecretaria_thaty@yahoo.com.br,04.384-032,R CONDE MOREIRA LIMA ,644,JABAQUARA,SÃO PAULO,SP,R CONDE MOREIRA LIMA ,Brasil,101
COLÉGIO SAA,10,62661939000154,crd@saa.com.br,02.018-000,R AMARAL GAMA,185,SANTANA,SÃO PAULO,SP,R AMARAL GAMA,Brasil,97
COLÉGIO ORLANDO GARCIA,10,45290996000155,colegioorlandogarcia@terra.com.br,02.960-020,R MANUEL MADRUGA,110,FREGUESIA DO O,SÃO PAULO,SP,R MANUEL MADRUGA,Brasil,125
COLÉGIO GUILHERME DE ALMEIDA,10,51253946000109,yoshiko@guilhermedealmeida.com.br,07.051-001,AV EMILIO RIBAS,855,GOPOUVA,GUARULHOS,SP,AV EMILIO RIBAS,Brasil,131
COLÉGIO AUTÊNTICO,10,07914563000134,financeiro@colegioautentico.com.br,07.124-000,R BENJAMIM HARRIS HANNICUTT,1500,VILA RIO DE JANEIRO,GUARULHOS,SP,R BENJAMIM HARRIS HANNICUTT,Brasil,169
ESCOLA PROJETO VIDA,10,12508534000102,marciateixeira@projetovida.com.br,02.535-010	,R ARTUR DE OLIVEIRA,243,PARQUE PERUCHE,SAO PAULO,SP,R ARTUR DE OLIVEIRA,Brasil,164
INSTITUTO BARONEZA DE REZENDE,10,43975465000332,contato@baronezaderezende.com,13.405-220,AV BARAO DE SERRA NEGRA,375,VL REZENDE,PIRACICABA,SP,AV BARAO DE SERRA NEGRA,Brasil,152
COLÉGIO RAPOSO TAVARES,10,53524658000169,comunicacao@colegioraposotavares.com.br,05.572-180,R JUAN ALFONSECA,11,PARQUE IPE,SÃO PAULO,SP,R JUAN ALFONSECA,Brasil,123
COLÉGIO BATISTA DA PENHA,10,12081243000180,tesouraria@batistapenha.com.br,03.637-010,R PEREQUE,150,PENHA DA FRANCA,SÃO PAULO,SP,R PEREQUE,Brasil,170
VILLA DOS IDIOMAS,10,03108419000150,celia@villadosidiomas.com.br,08.120-030,R MANUEL DE CASTILHO,57,ITAIM PAULISTA,SÃO PAULO,SP,R MANUEL DE CASTILHO,Brasil,183
COLÉGIO NOVO TEMPO,10,01742157000155,ana@novotempocolegio.com.br,02.512-060,R HORACIO VERGUEIRO RUDGE,355,CASA VERDE,SÃO PAULO,SP,R HORACIO VERGUEIRO RUDGE,Brasil,203
ESCOLA SER,20,51862852000129,financeiro@escolaser.com.br,13.042-110,AV JOSE ADEMAR ETTER,709,VILA MARIETA,CAMPINAS,SP,AV JOSE ADEMAR ETTER,Brasil,230
COLÉGIO DOM AMANDO,10,60993193001203,tesouraria@cda-pa.g12.br,68.005-530,PC BARAO DE SANTAREM,1,CENTRO,SANTARÉM,PA,PC BARAO DE SANTAREM,Brasil,223
COLÉGIO DROMOS,,,,,,,,,,,Brasil,
COLÉGIO SANTA CRUZ,10,03442547000135,dejanete@colegiodromos.com.br,70.673-350,ST SHC/SW EQSW 303/304,3,SUDOESTE,BRASILIA,DF,ST SHC/SW EQSW 303/304,Brasil,200
COLÉGIO SUPERATIVO,20,03057236000152,tesouraria@santacruz.g12.br,05.758-090,R ELIANE DE ARAUJO NEVES,177,JD. CATANDUVA,SÃO PAULO,SP,R ELIANE DE ARAUJO NEVES,Brasil,91
COLÉGIO DA VINCI,10,60993193000231,nuvemdecristal@hotmail.com,05.466-030,AV ARRUDA BOTELHO ,255,ALTO DE PINHEIROS,SÃO PAULO,SP,AV ARRUDA BOTELHO ,Brasil,279
ANGLO SOROCABA,10,09409518000158,karen@davincicolegio.com.br,13.480-356,R ANTONIO DINIZ,340,JD. MONTEZUMA,LIMEIRA,SP,R ANTONIO DINIZ,Brasil,270
KIDS LEARNING FUN,10,6988267000115,monica.lima@anglosorocaba.com.br,18.047-620,AV ANTONIO CARLOS COMITRE,2277,CAMPOLIM,SOROCABA,SP,AV ANTONIO CARLOS COMITRE,Brasil,307
PERETZ(ESCOLA JUDIA),20,11152013000100,escola.kids.pb@gmail.com,58.037-145,R ODISA ELIZEU DA NOBREGA,111,JD. OCEANIA,JOÃO PESSOA,PB,R ODISA ELIZEU DA NOBREGA,Brasil,342
SEE-SAW  PANAMBY,10,61668521000106,contabil@peretz.com.br,04.020-000,R MADRE CABRINI,175,VILA MARIANA,SÃO PAULO,SP,R MADRE CABRINI,Brasil,494
PASSIONISTA JOÃO XXIII,10,00076397000103,anaclaudia@see-saw.com.br,05.685-010,R VISCONDE DE NACAR,86,REAL PARQUE,SÃO PAULO,SP,R VISCONDE DE NACAR,Brasil,297
COLÉGIO ANDRADE DORIGON,10,60919909000927,tatiane.joao23@passionista.com.br,29.714-000,R JOAO PRETTI,189,SÃO SILVANO,COLATINA,ES ,R JOAO PRETTI,Brasil,326
CENTRO EDUCACIONAL MABEL,10,05066627000169,valdemir@colegiodorigon.com.br,08.030-190,R GRAPIRA,229,SÃO MIGUEL PAULISTA,SÃO PAULO,SP,R GRAPIRA,Brasil,313
COLÉGIO PEQUENO PRÍNCIPE - STUDIUM,10,04231581000123,financeiro@cemabel.com.br,74.815-420,R 1,328,VILA SÃO JOÃO,GOIANIA,GO,R 1,Brasil,325
COLÉGIO SELETIVO,10,11302177000169,financeiro@pequenoprincipe.com.br,74.150-100,R 30,59,SETOR MARISTA,GOIANIA,GO,R 30,Brasil,318
ESCOLA CRISTÃ JUNDIAÍ,20,10722234000104,cristiane_seletivo@terra.com.br,13.840-090,AV EMILIA MARCHI MARTINI,940,JD SOARES,MOGI GUAÇU,SP,AV EMILIA MARCHI MARTINI,Brasil,34
COLÉGIO ALBERT SABIN,10,54135884000110,cristiane@escolacrista.com.br,13.201-030,R DO RETIRO,2366,RETIRO,JUNDIAÍ,SP ,R DO RETIRO,Brasil,296
COLÉGIO ANTARES,20,71582258000191,financeiro@albertsabin.com.br,05.396-000,AV DARCY REIS,1901,PQ. DOS PRINCIPES,SÃO PAULO,SP,AV DARCY REIS,Brasil,214
COLÉGIO VISÃO CRIATIVA,20,00082064000189,zeliaantares@gmail.com,74.565-070,AV RIO BRANCO,258,STA URIAS MAGALHAES,GOIANIA,GO,AV RIO BRANCO,Brasil,298
COLÉGIO PLANETA KIDS,20,04763614000186,sidneinukui1@gmail.com,08.121-420,R PANTANAIS,43,JD CAMARGO NOVO,SÃO PAULO,SP,R PANTANAIS,Brasil,371
COLÉGIO TARSILA DO AMARAL,20,02282662000127,patymitsunari@gmail.com,08.060-090,R. VILMA,20,VILA JACUI,SÃO PAULO,SP,R. VILMA,Brasil,471
LA SALLE ÁGUAS CLARAS,10,08412815000190,renata@colegiotarsiladoamaral.com.br,13.480-625,AV DR LAURO CORREA DA SILVA,2262,VILA ROSALIA,LIMEIRA,SP,AV DR LAURO CORREA DA SILVA,Brasil,417
COLÉGIO EVOLUÇÃO OBJETIVO,10,60916731002742,joni.sampaio23@hotmail.com,71.901-110,Q QUADRA 301 AE,S/N,AGUAS CLARAS,BRASILIA,DF,Q QUADRA 301 AE,Brasil,436
ESCOLA BE.LIVING,20,07330612000191,tesouraria@objevolucao.com.br,08.080-000,R SANTA ROSA DE LIMA,25,PQ. PAULISTANO,SÃO PAULO,SP,R SANTA ROSA DE LIMA,Brasil,468
OSWALD DE ANDRADE,10,21415604000250,financeiro@beliving.com.br,04.001-130,R SALTO,86,PARAISO,SÃO PAULO,SP,R SALTO,Brasil,381
ESCOLA CAMINHO DO SOL,anual,06125291000120,sueli.aveiro@coruscsc.com.br,05.061-450,RUA CERRO CORA,275,ALTO DA LAPA,SÃO PAULO,SP,RUA CERRO CORA,Brasil,424
ANGLO INFANTIL TATUÍ (TOCA DO LEÃO),10,15509835000149,info@eeicaminhodosol.com.br,07.021-080,RUA LEO DE OLIVEIRA,36,VILA MOREIRA,GUARULHOS,SP,RUA LEO DE OLIVEIRA,Brasil,448
ANGLO TATUÍ,20,07024930000124,sandra@anglotatui.com.br,18.271-010,RUA SIMEAO SOBRAL,173,VILA SAO PAULO,TATUÍ,SP,RUA SIMEAO SOBRAL,Brasil,535
ANTONIO RIBEIRO FEITOSA,20,02300765000172,ricardo@anglotatui.com.br,18.270-770,AV CORONEL FIRMO VIEIRA DE CAMARGO,835,CENTRO,TATUÍ,SP,AV CORONEL FIRMO VIEIRA DE CAMARGO,Brasil,464
COLÉGIO FUTURO FELIZ,20,00441164000154,escolajearf@hotmail.com,23.090-000	,R MAESTRO JOAQUIM MAEGELE,55,RIO DE CAMPO GRANDE,RIO DE JANEIRO,RJ,R MAESTRO JOAQUIM MAEGELE,Brasil,466
ANGLO INFANTIL BOITUVA,10,04362092000100,secretaria@futurofeliz.com.br,08.020-210	,R JOAO VESSONI,399,SÃO MIGUEL PAULISTA,SÃO PAULO,SP,R JOAO VESSONI,Brasil,516
LICEU ANGLO,10,05103459000134,angloinfantilboituva@fasternet.com.br,18.550-000,AV PEREIRA IGNACIO,265,CENTRO,BOITUVA,SP,AV PEREIRA IGNACIO,Brasil,411
COLÉGIO MARIA ANTÔNIA DE MOURA,10,50355965000175,financeiro@liceuanglo.com.br,18.605-580	,R GENERAL TELLES,3310,LAVAPÉS,BOTUCATU,SP,R GENERAL TELLES,Brasil,592
COLÉGIO FUTURA,,,,,,,,,,,Brasil,
COLÉGIO PORTINARI,10,746077000105,elza@colegiomariaantonia.com.br,05.730-170,R MARIA JOSE DA CONCEICAO,559,VILA ANDRADE,SÃO PAULO,SP,R MARIA JOSE DA CONCEICAO,Brasil,376
C.R.E.I. DEO JUVANTE,10,17822513000180,colegio.futura@terra.com.br,08.161-030,R FLOR BOREAL,236,JD DOS IPES,SÃO PAULO,SP,R FLOR BOREAL,Brasil,435
NOSSA ESCOLA I,10,02011995000111,jportinari@gmail.com,13.484-270,AV MARIA TERESA SILVEIRA DE BARROS CAMARGO,698,PQ SAO BENTO,LIMEIRA,SP,AV MARIA TERESA SILVEIRA DE BARROS CAMARGO,Brasil,413
NOSSA ESCOLA II,20,05439886000198,de.o.juvante@hotmail.com,03.758-020,R MONSENHOR MEIRELES,203,JD PENHA,SÃO PAULO,SP,R MONSENHOR MEIRELES,Brasil,364
NOSSA ESCOLA III,10, 32803272000116 ,administracao@nossaescola.com.br,49.035-660,AV MARIO JORGE MENEZES VIEIRA,3510,COROA DO MEIO,ARACAJU,SE,AV MARIO JORGE MENEZES VIEIRA,Brasil,30
ANGLO CERQUILHO,10,1335657000172,administracao@nossaescola.com.br,49.035-660,AV MARIO JORGE MENEZES VIEIRA,3510,COROA DO MEIO,ARACAJU,SE,AV MARIO JORGE MENEZES VIEIRA,Brasil,30
HAPPY CODE AMERICANA,10,04245052000189,administracao@nossaescola.com.br,49.035-660,AV MARIO JORGE MENEZES VIEIRA,3510,COROA DO MEIO,ARACAJU,SE,AV MARIO JORGE MENEZES VIEIRA,Brasil,30
HAPPY CODE CAMPINAS,20,19447162000109,secretaria@anglocerquilho.com.br,18.520-000,R AUGUSTO DORIGHELLO,442,JD ESPLANADA,CERQUILHO,SP,R AUGUSTO DORIGHELLO,Brasil,409
HAPPY CODE JUNDIAÍ,20,24933894000130,americana@happycode.com.br,13.465-140,R GONCALVES DIAS,140,VILA PAVAN,AMERICANA,SP,R GONCALVES DIAS,Brasil,1151
HAPPY CODE PERDIZES,20,23239298000192,alexandre.miranda@happycode.com.br,13.271-450,AV INVERNADA,1653,PQ NOVA SUÍÇA,VALINHOS,SP,AV INVERNADA,Brasil,957
HAPPY CODE VALINHOS,20,24878859000166,gisele.dircksen@happycode.com.br,13.201-843,AV ANTONIO SEGRE,311,JD BRASIL,JUNDIAÍ,SP,AV ANTONIO SEGRE,Brasil,1156
HAPPY CODE ALPHAVILLE,20,24207743000103,mariana.fernandes@happycode.com.br,05.010-000,R CAIUBI,438,PERDIZES,SÃO PAULO,SP,R CAIUBI,Brasil,1190
HAPPY CODE PIRACICABA,20,23239298000192,alexandre.miranda@happycode.com.br,13.271-450,AV INVERNADA,1653,PQ NOVA SUÍÇA,VALINHOS,SP,AV INVERNADA,Brasil,953
HAPPY CODE SOROCABA,20,24030153000140,alphaville@happycode.com.br,06.472-001,AV COPACABANA,177,EMPRESARIAL 18 DO FORTE,BARUERI,SP,AV COPACABANA,Brasil,1209
ANGLO CATAVENTO,20,24917967000109,tatiana.libardi@happycode.com.br,13.416-145,AV CARLOS BOTELHO,717,SÃO DIMAS,PIRACICABA,SP,AV CARLOS BOTELHO,Brasil,1210
SINODAL,20,24243781000103,marcio.domene@happycode.com.br,18.030-163,R RUI COELHO DE OLIVEIRA FILHO,151,JD FACULDADE,SOROCABA,SP,R RUI COELHO DE OLIVEIRA FILHO,Brasil,1212
CEDUCA,10,04634027000197,secretaria@angloinfantil.com.br,18.520-000,R ALFREDO CARLOS MADEIRA,37,CENTRO,CERQUILHO,,R ALFREDO CARLOS MADEIRA,Brasil,
OPET,20,96746441000610,financeiro@sinodal.com.br,93.032-450,AV DR. MARIO SPERB,874,MORRO DO ESPELHO,SÃO LEOPOLDO,RS,AV DR. MARIO SPERB,Brasil,457
ELITE,20,03249360000110,tesouraria@ceduca.com.br,81.030-020,R MAJOR VICENTE DE CASTRO ,2575,VILA FANNY,CURITIBA,PR,R MAJOR VICENTE DE CASTRO ,Brasil,622
MARY WARD,25,78231024000220,contasapagar@opet.com.br,80.520-000,R NILO PEÇANHA,1635,BOM RETIRO ,CURITIBA,PR,R NILO PEÇANHA,Brasil,498
PINGO DE GENTE,20,01577750000193,tuliokened@hotmail.com,32.636-230,R MIGUEL CARDOSO,160,BOM RETIRO ,BETIM,MG,R MIGUEL CARDOSO,Brasil,537
BRASIL OBJETIVO,20,59899781000493,lucianag@colegiomaryward.com.br,03.407-000,R GONCALO NUNES,366,VILA CALIFORNIA,SÃO PAULO,SP,R GONCALO NUNES,Brasil,555
XINGU,20,01235859000142,diretoria@escolapingodegente.com.br,09.260-240,R GANA,575,NOVO ORATORIO,SANTO ANDRE,SP,R GANA,Brasil,707
IMPACTO,20,65500597000189,financeiro@colegiobrasilobjetivo.com.br,04.447-010,AV N SRA DO SABARA,2828,VILA EMIR,SÃO PAULO,SP,AV N SRA DO SABARA,Brasil,586
STAGIUM,20,08867451000132,financeiro@colegioxingu.com.br,09.060-050,R XINGU,455,VALPARAISO,SANTO ANDRE,SP,R XINGU,Brasil,534
RÍCARO,20,33553975000104,rieniam@hotmail.com ,75.503-170,R DAMAZIO MARQUES,126,SETOR CENTRAL,ITUMBIARA,GO,R DAMAZIO MARQUES,Brasil,576
SUPERHEROI,20,08491181000108,financeiro.fiscal@escolastagium.com.br,09.910-200,R OSWALDO CRUZ,132,JD DO PARQUE,DIADEMA,SP,R OSWALDO CRUZ,Brasil,681
RUBEM ALVES,20,59395087000196,c.zicatti@terra.com.br,02.959-000,AV MIN PETRONIO PORTELA,17,ITABERABA,SÃO PAULO,SP,AV MIN PETRONIO PORTELA,Brasil,603
MONFORTE OBJETIVO,20,61849543000172,claudiapiccino@uol.com.br,02.205-000,AV BOSCHETTI,629,VILA GUSTAVO,SÃO PAULO,SP,AV BOSCHETTI,Brasil,688
BUILDERS,20,01665131000150,escolarubemalves@hotmail.com,44.050-162,R PAULO VI,88,KALILANDIA,FEIRA DE SANTANA,BA,R PAULO VI,Brasil,711
SOCIEDADE EDUCACIONAL (PRECOLTEC OBJETIVO),20,06097565000115,paraiso.monforte@gmail.com,08.140-010,PC SILVA TELLES,108,ITAIM PAULISTA,SÃO PAULO,SP,PC SILVA TELLES,Brasil,803
INTER AMERICAN,20,02127427000180,financeiro@builders.com.br,05.027-020,R RIBEIRO DE BARROS,128,VILA ANGLO BRASILEIRA,SÃO PAULO,SP,R RIBEIRO DE BARROS,Brasil,776
INTERAÇÃO ITUPEVA,20,51914851000180,cintia@precoltec.com.br,13.073-320,R BARBOSA DA CUNHA,274,JD GUANABARA,CAMPINAS,SP,R BARBOSA DA CUNHA,Brasil,747
ADCAM,20,10678355000198,direcao@interamericaningles.com.br,07.160-170,AV JOSÉ BRUMATTI,24,JD ESPIRITO SANTO,GUARULHOS,SP,AV JOSÉ BRUMATTI,Brasil,712
VITTÓRIO LUIZ,20,11952356000141,contato@colegiointeracaoitupeva.com.br,13.295-000,AV ITALIA,328,JD SAO VICENTE,ITUPEVA,SP,AV ITALIA,Brasil,828
VILA ALPHA,20,05555099000101,tesouraria@adcam.org.br,69.080-000,R LEONORA ARMSTRONG,9,SÃO JOSÉ IV,MANAUS,AM,R LEONORA ARMSTRONG,Brasil,779
PASSIONISTA N. S. MENINA,20,02842699000162,deinha_olive@yahoo.com.br,05.208-060,R DOM LINO DEODATO DE CARVALHO,342,PERUS,SÃO PAULO,SP,R DOM LINO DEODATO DE CARVALHO,Brasil,794
INSTITUTO PROJETO EDUCAÇÃO (OBJ SAUDE),20,07490215000187,financeiro@vilaalpha.com.br,06.532-145,EST DE IPANEMA,272,VILA VELHA,SANATANA DE PARNAIBA,SP,EST DE IPANEMA,Brasil,809
EM BUSCA DO SABER,20,76731033000254,diretoria.nsmenina@passionista.com.br,80.035-010,R BOM JESUS,881,JUVEVE,CURITIBA,PR,R BOM JESUS,Brasil,835
ANGLO ALDEIA DA SERRA,20,61054086000120,diretoria@objetivosaude.com.br,04.302-000,R APOTRIBU,57,SAUDE,SÃO PAULO,SP,R APOTRIBU,Brasil,831
DINAMICO DE BAURU,20,07830394000154,embuscadosaber@embuscadosaber.com.br,09.370-090,R VITORIO VENETO,952,VILA VITORIA,MAUA,SP,R VITORIO VENETO,Brasil,886
FUTURO,20,07748037000141,paula@angloaldeiadaserra.com.br,06.429-210,AV DA BARRA,121,MORADA DOS LAGOS,BARUERI,SP,AV DA BARRA,Brasil,869
QI  - FREGUESIA,20,02174299000126,welber@dinamiconet.com.br,17.051-000,R BERNADINO DE CAMPOS,81,VILA FALCAO,BAURU,SP,R BERNADINO DE CAMPOS,Brasil,888
OBJETIVO PENHA,20,68090414000192,diretoriacarlos@bol.com.br,11.015-480,R MARTIN FRANCISCO,231,ENCRUZILHADA,SANTOS,SP,R MARTIN FRANCISCO,Brasil,897
FENIX JR.,20,86704160000137,josenildo.santana@colegioqi.com.br,20.271-000,R PROFESSOR GABIZO,334,MARACANÃ,RIO DE JANEIRO,RJ,R PROFESSOR GABIZO,Brasil,504
MODELO,20,05235414000113,keilla.santiago@objetivopenha.com.br,03.606-010,AV PENHA DE FRANCA,3,PENHA,SÃO PAULO,SP,AV PENHA DE FRANCA,Brasil,924
SOUZA LEÃO,20,22682450000144,hloureiro@cfenix.com.br,09.541-130,AV VITAL BRASIL FILHO,209,OSVALDO CRUZ,SÃO CAETANDO DO SUL,SP,AV VITAL BRASIL FILHO,Brasil,1082
ADVENTISTA(IJUÍ),20,08419484000110,fabrizzio@modelo.edu.br,82.970-000,R ENG BENEDITO DA SILVA,95 ,CAJURU,CURITIBA,PR,R ENG BENEDITO DA SILVA,Brasil,877
CEMAC,20,35520683000192,patricia.menezes@colegiosouzaleao.com.br,54.160-594,R DR LEAO DINIZ,5279,CANDEIAS,JABOATAO DOS GUARARAPES,PE,R DR LEAO DINIZ,Brasil,975
ALVORADA PLUS,20,87115838000966,pablo.menezes@educadventista.org.br,98.700-000,R ERNESTO ALVES,249,CENTRO,IJUÍ,RS,R ERNESTO ALVES,Brasil,906
NOVO RUMO,20,30419311000150,marizamaia@terra.com.br,27.913-110,R DR PEREIRA DE SOUZA,80,CENTRO,MACAÉ,RJ,R DR PEREIRA DE SOUZA,Brasil,1006
MÁGICO DE OZ,20,09296007000177,robertoanjos@uol.com.br,05.788-360,R PROF CONRADO DE DEO,45,CAMPO LIMPO,SÃO PAULO,SP,R PROF CONRADO DE DEO,Brasil,830
VIVA I,20,74505090000109,alice@colegionovorumo.com.br,07.030-150,R CASTRO ALVES,74,VILA PALMEIRAS,GUARULHOS,SP,R CASTRO ALVES,Brasil,990
VIVA II,20,08671360000127,mtricate@colegiomagno.com.br,04.671-300,R ARLINDO VEIGA DOS SANTOS,275,VILA SOFIA,SAO PAULO,SP,R ARLINDO VEIGA DOS SANTOS,Brasil,954
VIVA III,20,03954359000196,contasapagar@escolaviva.com.br,04.549-003,R PROFESSOR VAHIA DE ABREU,460,VILA OLIMPIA,SÃO PAULO,SP,R PROFESSOR VAHIA DE ABREU,Brasil,902
4O. CENTENÁRIO,20,58407065000136,contasapagar@escolaviva.com.br,04.549-003,R PROFESSOR VAHIA DE ABREU,460,VILA OLIMPIA,SÃO PAULO,SP,R PROFESSOR VAHIA DE ABREU,Brasil,902
NOVA CACHOEIRINHA,20,19826240000178,contasapagar@escolaviva.com.br,04.549-003,R PROFESSOR VAHIA DE ABREU,460,VILA OLIMPIA,SÃO PAULO,SP,R PROFESSOR VAHIA DE ABREU,Brasil,902
SANTA MÔNICA,20,04566007000126,financeiro@objetivocentenario.com.br,03.937-090,AV OURO VERDE DE MINAS,1185,JD VI CENTENÁRIO,SÃO PAULO,SP,AV OURO VERDE DE MINAS,Brasil,1148
CRIANÇA INOCENTE,20,10261682000140,colegio@colegionc.net.br,02.613-000,R DOS PATIS,141,VILA NOVA CACHOEIRINHA,SÃO PAULO,SP,R DOS PATIS,Brasil,1054
IAPI,20,11036293000183,financeiro.csm@outlook.com,05.171-000,AV STA MONICA,513,PIRITUBA,SÃO PAULO,SP,AV STA MONICA,Brasil,783
INTEGRADO DE ARARAS,20,5951513000100,financeiro.criancainocente@outlook.com,07.111-040,R ITAVERAVA,225,CAMARGOS,GUARULHOS,SP,R ITAVERAVA,Brasil,1077
SANTANA- SIPEB,20,7134099000163,celso@colegioiapi.com.br,02.242-000,AV GENERAL ATALIBA LEONEL,2936,PARADA INGLESA,SÃO PAULO,SP,AV GENERAL ATALIBA LEONEL,Brasil,1032
SÃO JOSÉ- SIPEB,20,9292850000185,rritavitoriano@gmail.com,13.607-172,R ANTENOR LEONIS,180,JD STA MARTA,ARARAS,SP,R ANTENOR LEONIS,Brasil,1105
TRILHA BERÇARIO,20,50228097000405,claudia.t@colegiosantana.com.br,02.402-100,R VOLUNTARIOS DA PATRIA,2624,SANTANA,SÃO PAULO,SP,R VOLUNTARIOS DA PATRIA,Brasil,1143
PINGUIM,20,50228097000677,tesouraria-marina@saojosecolegio.com.br,11.060-003,AV ANA COSTA,373,,SANTOS,SP,AV ANA COSTA,Brasil,826
NOSSA ESCOLA EDUCA,20,06127875000135,direcao@escolatrilha.com.br,02.037-021,R CONSELHEIRO SARAIVA,650,SANTANA,SÃO PAULO,SP,R CONSELHEIRO SARAIVA,Brasil,1246
ANGELES,20,53177127000147,faleconosco@escolapinguim.com.br,04.521-022,R MINISTRO GABRIEL DE RESENDE PASSOS,531,MOEMA,SÃO PAULO,SP,R MINISTRO GABRIEL DE RESENDE PASSOS,Brasil,1165
PILARES,20,05082792000104,administrativo@nossaescolaeduca.com.br,04.248-100,R MARECHA PIMENTAL,380,SACOMÃ,SÃO PAULO,SP,R MARECHA PIMENTAL,Brasil,1234
SANTA BARBARA,20,7687540000134,administrativo@deangeles.com.br,16.020-070,AV SAUDADE,775,VILA ESTADIO,ARAÇATUBA,SP,AV SAUDADE,Brasil,1052
EMILIA MARINHO,20,55337422000149,colegiopilares@terra.com.br,13.450-088,AV CORIFEU AZEVEDO MARQUES,300,COLINA DE SANTA BARBARA,SANTA BARBARA DO OESTE,SP,AV CORIFEU AZEVEDO MARQUES,Brasil,958
X-EBENEZER,20,18829904000190,nataliacsb@hotmail.com,02.972-010,R DOMINGOS GIGLIO,137,VILA MIRIM,SÃO PAULO,SP,R DOMINGOS GIGLIO,Brasil,1106
PRISMA,20,73550410000180,bianca@emiliamarinho.com.br,08.041-500,R MARCION,320,JD LAGEADO,SÃO PAULO,SP,R MARCION,Brasil,545
OBJETIVO MONTE MOR,20,4966998000134,aldmartins@xebenezer.com.br,04.848-000,AV JOAQUIM SEBASTIAO MACHADO,14,JD STA BARBARA,SÃO PAULO,SP,AV JOAQUIM SEBASTIAO MACHADO,Brasil,1074
INTEGRADO,20,61579793000130,contatoprismaescola@gmail.com,05.861-020,AV ATOS TOMAS FERRACCIU,25,JD MARACA,SÃO PAULO,SP,AV ATOS TOMAS FERRACCIU,Brasil,981
MONTEIRO LOBATO,20,2404336000145,contato@objetivomontemor.com.br,13.190-000,AV ALOMIRANTE TAMADARE,115,PQ IMPRIAL,MONTE MOR,SP,AV ALOMIRANTE TAMADARE,Brasil,1028
CARANDÁ VIVA VIDA,20,66852328000144,secretaria@integradocolegio.com.br,08.220-220,R JUPARA,336,CID. A.E. CARVALHO,SÃO PAULO,SP,R JUPARA,Brasil,1037
APTA BABY KIDS,20,07920509000100,financeiro@monteirolobatosp.com.br,02.420-000,AV ZUNKELLER,400,PQ MANDAQUI,SÃO PAULO,SP,AV ZUNKELLER,Brasil,475
NOVA GERAÇÃO,20,07704660000100,tesouraria@carandavivavida.com.br,04.037-005,R DR DIEGO DE FARIA,1338,VILA CLEMENTINO,SÃO PAULO,SP,R DR DIEGO DE FARIA,Brasil,870
BERTOLAZZI,20,22025646000166,ivanamaia@hotmail.com,73.005-101,Q QUADRA 10 CONJUNTO A,S/N,SOBRADINHO,BRASILIA,DF,Q QUADRA 10 CONJUNTO A,Brasil,933
SHEKINAH,20,2619861000188,colegionovageracaoguarulhos@hotmail.com,07.175-050,R ANTONIO TAVA,793,NOVA BOM SUCESSO,GUARULHOS,SP,R ANTONIO TAVA,Brasil,1096
SHEKINAH,20,12493505000114,robson@colegiobertolazzi.com.br,02.632-060,R JOAQUIM DIAS PINTO,6,JD PERI,SÃO PAULO,SP,R JOAQUIM DIAS PINTO,Brasil,1099
SHEKINAH,20,9527666000177,sheilasp.oliveira@hotmail.com,04.210-061,R OLIVEIRA DIAS,520,IPIRANGA,SÃO PAULO,SP,R OLIVEIRA DIAS,Brasil,1121
PORTINARI BOITUVA,20,9527666000177,sheilasp.oliveira@hotmail.com,04.210-061,R OLIVEIRA DIAS,520,IPIRANGA,SÃO PAULO,SP,R OLIVEIRA DIAS,Brasil,1121
ALMANAC,20,9527666000177,sheilasp.oliveira@hotmail.com,04.210-061,R OLIVEIRA DIAS,520,IPIRANGA,SÃO PAULO,SP,R OLIVEIRA DIAS,Brasil,1121
PAULISTA VF,20,18087144000192,portinariboituva@gmail.com,18.550-000,R JOSÉ PIEROTTI,131,JD PRIMAVERA,BOITUVA,SP,R JOSÉ PIEROTTI,Brasil,1076
LUA DE ALGODÃO,20,7461430000150,arodrigues1975@uol.com.br,07.122-260,R SANTANA DO JACARÉ,35,JD BOM CLIMA,GUARULHOS,SP,R SANTANA DO JACARÉ,Brasil,1187
OLÍVIA PALITO,20,50712363000128,financeiro@colegiopaulistavf.com.br,03.471-090,R DR HORACIO DA COSTA,56,VILA ANTONIETA ,SÃO PAULO,SP,R DR HORACIO DA COSTA,Brasil,1152
ESTRELINHA DOURADA,20,65030546000130,escola@luadealgodao.com.br,05.591-000,R DR ROMEU FERREIRA,245,VILA GOMES,SÃO PAULO,SP,R DR ROMEU FERREIRA,Brasil,1217
ATUALIDADE,20,55294714000141,oliviapalitoltda@terra.com.br,03.315-000,R PE ESTEVAN PERNET,836,TATUAPE,SÃO PAULO,SP,R PE ESTEVAN PERNET,Brasil,1233
RENASCER DO ENSINO,20,53587275000130,estrelinhadouradacmc@gmail.com,02.067-002,R CHICO PONTES,1423,CARANDIRU,SÃO PAULO,SP,R CHICO PONTES,Brasil,1055
DIMENSÃO,20,66066218000157,rguadagno@uol.com.br,03.265-000,R LOTUS,211,PQ SÃO LUCAS,SÃO PAULO,SP,R LOTUS,Brasil,
EDUCACIONAL FUTURA,20,8241328000101,svbs.mendes@hotmail.com,03.656-020,R EUNICE,104,VILA GRANADA,SÃO PAULO,SP,R EUNICE,Brasil,1139
CANELLO MARQUES,20,1357385000101,marceloa.rolim@gmail.com,18.111-460,AV CARMEN GALAN BURGOS,121,JD ARCHILA,VOTORANTIM ,SP,AV CARMEN GALAN BURGOS,Brasil,
BABY NURSE,20,8901866000185,contato@cefutura.com.br,28.970-000,R REP DA COLOMBIA,135,PQ HOTEL,ARARUAMA,RJ,R REP DA COLOMBIA,Brasil,631
PRO LÍNGUAS,20,05819011000111,financeiro1@colegiocanellomarques.com.br,02.945-000,AV MENOTTI LAUDIZIO,221,JD CIDADE PIRITUBA,SÃO PAULO,SP,AV MENOTTI LAUDIZIO,Brasil,880
GIZ DE CERA,20,00725372000185,susana@babynurse.com.br,04.364-030,R DAS FLECHAS,696,JD PRUDENCIA,SÃO PAULO,SP,R DAS FLECHAS,Brasil,1097
DOM BOSCO,20,1736583000186,prolinguas@prolinguas.com.br,12.080-270,AV DO RAFAEL,267,CENTRO,TAUBATE,SP,AV DO RAFAEL,Brasil,1079
ARTE DE CONHECER,20,11911592000110,dtmartorelli@uol.com.br,13.478-210,R BRIGADEIRO FARIA LIMA,100,JD SANTANA,AMERICANA,SP,R BRIGADEIRO FARIA LIMA,Brasil,1186
MARAJOARA,20,06123050000142,dtmartorelli@uol.com.br,13.087-470,R DOS CRAVOS,113,CHACARA PRIMAVERA,CAMPINAS,SP,R DOS CRAVOS,Brasil,1174
SANTA MARIA DE NAZARÉ,20,04306442000111,financeiro@artedeconhecer.com.br,08.120-380,R PROF ZEFERINO FERRAZ,123,ITAIM PAULISTA,SÃO PAULO,SP,R PROF ZEFERINO FERRAZ,Brasil,1065
IDEAL,20,07254248000128,fernando@colegiomarajoara.com.br,04.671-071,R SOCRATES,673,VILA SOFIA,SÃO PAULO,SP,R SOCRATES,Brasil,217
MAGISTHER,20,00282029000103,esmeraldacsmn@hotmail.com,03.575-000,R UACUMA,371,JD STA MARIA,SÃO PAULO,SP,R UACUMA,Brasil,1132
ESCOLA PORTINARI,20,57752990000131,financeiro@colegioidealsp.com.br,04.248-000,R SALVADOR PIRES DE LIMA,63,SACOMÃ,SÃO PAULO,SP,R SALVADOR PIRES DE LIMA,Brasil,1205
RAIO DE LUZ,20,8271182000147,ebigatan@gmail.com,03.426-000,R RENATO RINALDI,309,VILA CARRÃO ,SÃO PAULO,SP,R RENATO RINALDI,Brasil,1088
GENESIS,20,65502932000188,escolaportinari@terra.com.br,05.757-200,R LOURENÇO SAPORITO,142,JD CAMPO LIMPO,SÃO PAULO,SP,R LOURENÇO SAPORITO,Brasil,1150
ESTRELA SÍRIUS,20,13812823000163,diretoria@escolainfantilraiodeluz.com.br,04.205-000,R CIPRIANO BARATA,2563,IPIRANGA,SÃO PAULO,SP,R CIPRIANO BARATA,Brasil,983
IMPERIAL,20,PEGARA CNPJ,,,,,,,,,Brasil,1110
FLAMINGO (AMÉRICAS),20,07358574000185,financeiro@estrelasirius.com.br,05.142-000,R TATSUO OKSCHI,229,CHACARA INGLESA,SÃO PAULO,SP,R TATSUO OKSCHI,Brasil,930
ARRAIAL DAS CORES,20,10588976000180,marcos.suel@gmail.com,06.864-380,R ANTONIO QUERUBIM,34,PQ STO ANTONIO,ITAPECIRICA DA SERRA,SP,R ANTONIO QUERUBIM,Brasil,1016
PORTO ALVORADA,20,62704317000166,eduardo.apolinario@grupoflamingo.com,05.001-350,R FRANCISCO MATARAZZO,913,AGUA BRANCA,SÃO PAULO,SP,R FRANCISCO MATARAZZO,Brasil,678
EDUCALLIS,20,53639274000191,financeiro@arraialdascores.com.br,05.444-000,R MACUNIS,136,PINHEIROS,SÃO PAULO,SP,R MACUNIS,Brasil,1200
ANGLO ARARAS,20,11437721000180,tesouraria@portoalvorada.com.br,17.210-520,R MIGUEL NASSIF,60,JD ALVORADA,JAU,SP,R MIGUEL NASSIF,Brasil,
CURUMIM & VÉRTICE,20,09039403000119,levi.figueiredo@educallis.com.vc,65.045-215,AV JOAO PESSOA,437,STA CRUZ,SÃO LUIS,MA,AV JOAO PESSOA,Brasil,911
FUTURA CODE,20,05463327000113,mauricio@angloararas.com.br,13.600-061,R JULIO MESQUITA,905,CENTRO,ARARAS,SP,R JULIO MESQUITA,Brasil,1018
DOMINANTE,20,48117766000187,financeiro@colegiovertice.com.br,04.601-002,R PRINCESA ISABEL,1036,BROKLIN PAULISTA,SÃO PAULO,SP,R PRINCESA ISABEL,Brasil,802
PAULO AVELAR,20,21613373000108,financeiro@futuracode.com.br,05.009-000,R BARTIRA,757,PERDIZES,SÃO PAULO,SP,R BARTIRA,Brasil,1214
LUKA(COLÉGIO OBJETIVO ENGENHEIRO GOULART (COLÉGIO DE LUCA),20,52838539000118,bruno@cdominante.com.br,02.065-000,AV JOAQUINA RAMALHO,1500,VILA GUILHERME,SÃO PAULO,SP,AV JOAQUINA RAMALHO,Brasil,1215
CAMB- CAMINHO ABERTO,20,09018915000107,direcaocolegiopauloavelar@outlook.com,02.243-010,R PAULO DE AVELAR,268,PARADA INGLESA,SÃO PAULO,SP,R PAULO DE AVELAR,Brasil,1232
EMME,20,00265828000171,colegiodeluca@terra.com.br,03.729-010,R FLORESTA AZUL,1073,ENG GOULART,SÃO PAULO,SP,R FLORESTA AZUL,Brasil,
RANIERI,20,51945889000110,financeiro@escolacamb.com.br,04.120-020,R MAURIO S KLABIN,307,VILA MARIANA,SÃO PAULO,SP,R MAURIO S KLABIN,Brasil,
INTERVIVA,20,,,,,,,,,,Brasil,1277
CULTURAL BRASILEIRA,20,00951207000141,kleber@colegioranieri.com.br,03.062-010,R ELOI CERQUEIRA,141,BELENZINHO,SÃO PAULO,SP,R ELOI CERQUEIRA,Brasil,1247
PAIS DAS MARAVILHAS (SANTA JOANA),20,00878957000135,joice@colegiointerviva.com.br,06.850-410,R SALVADOR,198,PQ PARAISO,ITAPECERICA DA SERRA,SP,R SALVADOR,Brasil,
BABY HOME,20,72302334000120,secretaria@culturalbrasileira.com,12.010-750,R HUIMATA,291,JD HUMAITA,TAUBATE,SP,R HUIMATA,Brasil,1255
CB,20,44938702000196,financeiro@colegiosantajoana.com.br,05.136-230,R DURVAL FERNANDES CHAVES,104,JD STO ELIAS,SÃO PAULO,SP,R DURVAL FERNANDES CHAVES,Brasil,1250
ADSUM (DISCERE),20,16872955000179,carlos@babyhomeklabin.com.br,04.116-110,R PICO DELLA MIRANDOLA,132,VILA MARIANA,SÃO PAULO,SP,R PICO DELLA MIRANDOLA,Brasil,1271
METHODUS,20,58987207000181,lucianaamaral@colegiocb.com.br,18.134-130,R DR FLEURY,280,CAMBARA,SÃO ROQUE,SP,R DR FLEURY,Brasil,1262
MZ SCHOOL,20,11177479000152,moacir@discere.com.br,03.321-000,R EUCLIDES PACHECO,545,VILA GOMES CARDIM,SÃO PAULO,SP,R EUCLIDES PACHECO,Brasil,1263
INTEGRA (MAPLEBEAR JUNDIAÍ),20,04672618000159,financeiro@colegiomethodus.com.br,09.691-000,R JULIO DE MESQUITA,216 ,VILA PAULICEIA,SÃO BERNARDO DO CAMPO,SP,R JULIO DE MESQUITA,Brasil,1259
FREINET,20,73240434000132,luis@mzschool.com.br,03.143-001,AV ZELINA,333,VILA ZELINA,SÃO PAULO,SP,AV ZELINA,Brasil,1254
 EDUCAR,20,04647728000160,sebastiao.camargo@maplebear.com.br,13.211-410,R GURMENCINDO BARRANQUEIRO,830,MOISES,JUNDIAI,SP,R GURMENCINDO BARRANQUEIRO,Brasil,1257
BEKA,20,00789128000186,contato@freinetcolegio.com.br,05.138-000,R PROF ARAUJO COELHO,381,JD LIBANO,SÃO PAULO,SP,R PROF ARAUJO COELHO,Brasil,1252
QUACATU,20,20704465000130,financeiro@educarcolegio.com.br,06.600-180,R FELIPE CAMARAO,139,VILA ANITA COSTA,JANDIRA,SP,R FELIPE CAMARAO,Brasil,1253
VECTRA (POLLUX),20,58402033000148,financeiro@colegiobeka.com.br,02.734-000        ,AV ITABERABA,669,N SRA DO Ó,SÃO PAULO,SP,AV ITABERABA,Brasil,1260
CASTELO KIDS,20,56085889000101,escolaquacatu@hotmail.com,05.595-000,R JOAQUIM MIGUEL DA SILVA,187,JD BONIFIGLIOLI,SÃO PAULO,SP,R JOAQUIM MIGUEL DA SILVA,Brasil,
ENSINO,20,12283517000114,financeiro@colegiopollux.com.br,05.535-060,R FERNADO CALDAS,28,JD ROLINOPOLIS,SÃO PAULO,SP,R FERNADO CALDAS,Brasil,1256
YAZIGI,20,09430456000166,escolacastelokids@hotmail.com,46.900-000,PC BANDEIRA,6,CENTRO,SEABRA,BA,PC BANDEIRA,Brasil,1251
ENGLISH SERVICE (LEAF),20,07583059000107,colegioensino@colegioensino.com.br,02.840-090,R SAO FELICIANO,215,FREQUSEIA DO O,SÃO PAULO,SP,R SAO FELICIANO,Brasil,
OUTER (ACHIEVE LANGUAGES),20,17796550000161,direcao.campogrande@yazigi.com,23.050-270,R CANDIDO MAGALHAES,121,CAMPO GRANDE,RIO DE JANEIRO,RJ,R CANDIDO MAGALHAES,Brasil,988
BCZ (ACHIEVE - POA),20,01156152000140,alessandra.cury@leafeducacao.com.br,31.170-200,R DR JULIO OTAVIANO FERREIRA,484,CIDADE NOVA,BELO HORIZONTE,SP,R DR JULIO OTAVIANO FERREIRA,Brasil,
SEICE,20,23765656000109,vvalvorada@achievelanguages.com.br,29.117-400,R JAPAGUA,16,ALVORADA,VILA VELHA,ES,R JAPAGUA,Brasil,1261
QUINTAL MÁGICO (SÃO FRANCISCO),20,16889009000135,fabio.bonini@achievepoa.com.br,91.900-240	,AV PEREIRA PASSOS,215,VILA ASSUNÇÃO,PORTO ALEGRE,RS,AV PEREIRA PASSOS,Brasil,
PLURAL,20,09195271000114,financeiro@seice.com.br,25.225-660,AV SÃO PAULO,S/N,CAMPOS ELISEOS,DUQUE DE CAXIAS,RJ,AV SÃO PAULO,Brasil,1025
ACHIEVE LANGUAGES- ALTAMIRA,20,59049700000113,maira@colegiosaofranciscotaboao.com.br,06.764-290,EST SÃO FRANCISCO,1285,JD HENRIQUETA,TABOÃO DA SERRA,SP,EST SÃO FRANCISCO,Brasil,1281
INACI,20,02559227000105,eplural@terra.com.br,78.049-508,ROD ARQUITETO HELDER CANDIA,101,JD UBIRAJARA,CUIABA,MT,ROD ARQUITETO HELDER CANDIA,Brasil,1268
ASSESSCONTI,20,24180764000174,altamira@achievelanguages.com.br,68.372-095,AV ALACID NUNES,821,JD UIRAPURU,ALTAMIRA,PA,AV ALACID NUNES,Brasil,1275
BRINCANDO E APRENDENDO,20,60553724000194,paula@inaci.com.br,01.401-000,AV BRIGADEIRO LUIS ANTONIO,2867,JD PAULISTA,SÃO PAULO,SP,AV BRIGADEIRO LUIS ANTONIO,Brasil,1269
PERDIZES- AGNUS DEI,20,12645567000102,claudio@contaddor.com,02.968-000,AV FUAD LUTFALLA,1709,JD VILA TRINDADE,SÃO PAULO,SP,AV FUAD LUTFALLA,Brasil,1272
EDUCACIONAL HARMONIA,20,64163827000107,financeiro@escolabrincandoeaprendendo.com.br,05.143-220,R FRANSCISCO SOLER,615,JD S RICARDO,SÃO PAULO,SP,R FRANSCISCO SOLER,Brasil,1048
SINGULARIDADES,20,10477300000110,sandra@escolaperdizesagnusdei.com.br,05.020-000,R CARAIBAS,891,VILA POMPEIA,SÃO PAULO,SP,R CARAIBAS,Brasil,1273
RED BALLON,20,17285225000134,amanda@harmoniabilingue.com.br,79.004-660,R LUIZ LODERO,126,JD BELA VISTA,CAMPO GRANDE,MS,R LUIZ LODERO,Brasil,
PROJETO CRIANDO,20,,,,,,,,,,Brasil,
AQUARELA  - editar ,20,00315395000111,vivian.eisig@redballoon.com.br,04.523-010,AV JAUAPERI,149,MOEMA,SÃO PAULO,SP,AV JAUAPERI,Brasil,
HAPPY CODE SALVADOR,20,04974850000141,karinaprojetocriando@gmail.com,07.197-010,R JOAO BERNARDO MEDEIRO,455,JD BOM CLIMA,GUARULHOS,SP,R JOAO BERNARDO MEDEIRO,Brasil,
FUNDAMENTUM,20,04699933000170,aquareladainfancia@gmail.com,03.408-020,R STA GERTRUDES,788,VILA GOMES CARDIM,SÃO PAULO,SP,R STA GERTRUDES,Brasil,
VIA MAKER,20,26396778000155,salvador@happycode.com.br,41.810-710,R ENGENHEIRO ADHEMAR FONTES,35,PITUBA,SALVADOR,BA,R ENGENHEIRO ADHEMAR FONTES,Brasil,
VISÃO GLOBAL,20,23000447000166,financeiro@colegiofundamentum.com.br,13.270-190,AV ONZE DE AGOSTO,1325,JARDIM RIBEIRO,VALINHOS,SP,AV ONZE DE AGOSTO,Brasil,
PARK IDIOMAS,20,15472995000160,vanessa.lobo@viamaker.com,18.090-080,R CAROLINA BORGHI,176,JD SANTA ROSALIA,SOROCABA,SP,R CAROLINA BORGHI,Brasil,
GUAIAUMA - METRO PENHA,20,04162626000155,colegiovisaoglobal@gmail.com,08.110-000,R CANDIDO DA ROCHA,318,JD CAMARGO NOVO,SÃO PAULO,SP,R CANDIDO DA ROCHA,Brasil,
GUAIAUMA - CARRÃO,20,22941947000130,admpinheiros.sp@parkidiomas.com.br,05.429-040,R VUPABUSSU,,PINHEIROS,SÃO PAULO,SP,R VUPABUSSU,Brasil,
GUAIAUMA - VILA FORMOSA,20,13851025000140,guaiaunababy@guaiauna.com.br,03.503-030,R JULIO COLACO,310,CHACARA CALIFORNIA,SÃO PAULO,SP,R JULIO COLACO,Brasil,
TRANSFORMANDO CIDADÃO,20,01417327000126,financeiroaricanduva@guaiauna.com.br,03.406-000,R COMENDADOR GIL PINHEIRO,512,CHACARA CALIFORNIA,SÃO PAULO,SP,R COMENDADOR GIL PINHEIRO,Brasil,
EXITO INSTITUTO,20,11174370000161,adriana@guaiauna.com.br,03.362-030,R CRISTOVAO GIRAO,255,VILA FORMOSA,SÃO PAULO,SP,R CRISTOVAO GIRAO,Brasil,
TIA CÁSSIA,20,10648953000114,contato@transformandocidadao.com.br,09.360-000,AV DA SAUDADE,326,VILA VITORIA,MAUÁ,SP,AV DA SAUDADE,Brasil,
INTERAÇÃO,20,11857345000182,exitoinstituto@terra.com.br,07.161-090,R SOUTO SOARES,293,JARDIM IV CENTENARIO,GUARULHOS,SP,R SOUTO SOARES,Brasil,
EDUKI,20,58146630000159,tiacassia@tiacassia.com.br,09.360-030,R RIACHUELO,75,VILA VITORIA,MAUÁ,SP,R RIACHUELO,Brasil,
SAO MATEUS,20,00836770000179,lina.interacao@gmail.com,09.290-610,R MARANGUAPE,66,PARQUE JOAO RAMALHO,SANTO ANDRE,SP,R MARANGUAPE,Brasil,
SANTA BARBARA,20,01654657000135,coisadecrianca@ig.com.br,08.502-310,R MARCONDES SALGADO,52,VILA CORREA,FERRAZ DE VASCONCELOS,SP,R MARCONDES SALGADO,Brasil,
APRENDER,20,01638304000141,direcao.gruposaomateus@gmail.com,06.296-080,R FREI JOAO AUGUSTO BECKER,124,VILA DOS REMEDIOS,OSASCO,SP,R FREI JOAO AUGUSTO BECKER,Brasil,
ATIVAMENTE SCHOOL,20,45761665000156,direcao@colegiosantabarbara.com.br,08.340-100,R DEINOS,165,CID SATELITE,SÃO PAULO,SP,R DEINOS,Brasil,
CEI HAVITA,20,03149701000185,diradm@escolaprojetoaprender.com.br,04.042-002,AV DR ALTINO ARANTES,472/78 ,MIRANDOPOLIS,SÃO PAULO,SP,AV DR ALTINO ARANTES,Brasil,
ANTARES DE AMERICANA,20,21337018000153,ativamenteschool@gmail.com.br,28.300-000,R BARTOLOMEU MANHAES DE SOUZA,31,VINHOSA,ITAPERUNA,RJ,R BARTOLOMEU MANHAES DE SOUZA,Brasil,
YAZIGI RECREIO,20,01050490000101,havitafinanceiro@outlook.com,03.178-110,R OROZIMBO MAIA,152,ALTO DA MOOCA,SÃO PAULO,SP,R OROZIMBO MAIA,Brasil,
VIVERDE,20,55350755000108,financeiro@antaresamericana.com.br,13.473-291,R ICARAI,100,JD.IPIRANGA,AMERICANA,SP,R ICARAI,Brasil,
PALMARES,20,08453076000184,recreiodosbandeirantes@yazigi.com,22.795-325,R ROBERVAL CORDEIRO DE FARIA,270,RECREIO DOS BANDEIRANTES,RIO DE JANEIRO,RJ,R ROBERVAL CORDEIRO DE FARIA,Brasil,
COLORE,20,06218822000120,bossleite@uol.com.br,12.924-840,EST CAPITAO BARDUINO ,S/N,CURITIBANOS,BRAGANCA PAULISTA,SP,EST CAPITAO BARDUINO ,Brasil,
JULIO MESQUITA,20,05824890000170,ana.bacchelli@colegiopalmaresdigital.com,05.419-000,AV PEDROSO DE MORAIS,1271,PINHEIROS,SÃO PAULO,SP,AV PEDROSO DE MORAIS,Brasil,
HAPPY CODE TATUAPÉ,20,21297097000116,liliab4@hotmail.com,02.842-270,R JOAO LUIZ CALHEIROS,75,PARQUE SAO LUIS,SÃO PAULO,SP,R JOAO LUIZ CALHEIROS,Brasil,
APOGEU,20,51264604000186,financeiro@colegiojm.com.br,07.042-000,AV ROTARY,304,VILA DAS BANDEIRAS,GUARULHOS,SP,AV ROTARY,Brasil,
FLORESTA AZUL,20,12611840000170,deise.bonilha@happycode.com.br,03.320-000,R EMILIO MALLET,854,VILA GOMES CARDIM,SÃO PAULO,SP,R EMILIO MALLET,Brasil,
PETIT ENFANT editar - promoção,20,20433765000122,andreia.marani@colegioapogeu.com.br,36.015-400,R BENJAMIN CONSTANT,779,SANTA HELENA,JUIZ DE FORA,MG,R BENJAMIN CONSTANT,Brasil,
HAPPY CODE (FORTALEZA),20,73490781000113,dps@florestaazul.com.br,02.401-000,R VOLUNTARIOS DA PATRIA,2479,SANTANA,SAO PAULO,SP,R VOLUNTARIOS DA PATRIA,Brasil,
EXTERNATO RIO BRANCO,20,12245557000171,e.e.i.petitenfant@gmail.com,03.334-010,R FREIRE DE ANDRADE,44,VILA REGENTE FEIJO,SAO PAULO,SP,R FREIRE DE ANDRADE,Brasil,
,20,25064142000143,fortaleza@happycode.com.br,60.170-078,AV SENADOR VIRGILIO TAVORA,1950,ALDEOTA,FORTALEZA,CE,AV SENADOR VIRGILIO TAVORA,Brasil,
,20,44354801000120,financeiro@rbranco.com.br,09.624-020,R PIO XII,45,RUDGE RAMOS,SAO BERNARDO DO CAMPO,SP,R PIO XII,Brasil,
